tenor_years,rate_pct_continuous,rate_pct_semi_annual
1,2.023690,2.0340
2,2.108455,2.1196
3,2.212362,2.2246
5,2.440725,2.4557
7,2.662958,2.6808
10,2.948049,2.9699
15,3.272232,3.2991
20,3.438564,3.4683
30,3.478628,3.5091
