tenor_years,rate_pct_continuous,rate_pct_semi_annual
1,3.553327,3.5851
2,3.632526,3.6657
3,3.712435,3.7471
5,3.936560,3.9756
7,4.199237,4.2436
10,4.571560,4.6242
15,5.017378,5.0808
20,5.241841,5.3111
30,5.313041,5.3842
